{"cameraMode":{"drawMode":0,"name":"Shaded","section":"Shading Mode"},"sceneLighting":true,"audioPlay":false,"sceneViewState":{"showFog":true,"showMaterialUpdate":false,"showSkybox":true,"showFlares":true,"showImageEffects":true,"showParticleSystems":true,"showVisualEffectGraphs":true,"m_FxEnabled":true},"in2DMode":false,"pivot":{"x":-46.66999816894531,"y":14.482999801635743,"z":25.881898880004884},"rotation":{"x":-0.018699197098612787,"y":0.8202050924301148,"z":-0.5716211795806885,"w":-0.028927234932780267},"size":1.3584930896759034,"orthographic":false}